,Time (s),Ion Gauge (mBar),Pirani 1 (mBar),Pirani 2 (mBar),Active Gauge (NA),Temperature (C)
0,0.0,1.6000000000000003e-05,1000.0,1000.0,NA,1024
1,130.42764401435852,1.6000000000000003e-05,1000.0,1000.0,NA,1024
2,133.73378038406372,1.6000000000000003e-05,1000.0,1000.0,NA,1022
3,136.77920722961426,1.6000000000000003e-05,1000.0,1000.0,NA,1024
4,139.78488421440125,1.6000000000000003e-05,1000.0,1000.0,NA,1024
5,142.7279405593872,1.6000000000000003e-05,1000.0,1000.0,NA,1024
6,145.7568323612213,1.6000000000000003e-05,1000.0,1000.0,NA,1024
7,148.7851276397705,1.6000000000000003e-05,1000.0,1000.0,NA,1024
8,151.71256566047668,1.6000000000000003e-05,1000.0,1000.0,NA,1024
9,154.74988865852356,1.6000000000000003e-05,1000.0,1000.0,NA,1024
10,157.7621841430664,1.6000000000000003e-05,1000.0,1000.0,NA,1024
11,160.75090789794922,1.6000000000000003e-05,1000.0,1000.0,NA,1023
12,163.71921038627625,1.6000000000000003e-05,1000.0,1000.0,NA,1023
13,166.72507429122925,1.6000000000000003e-05,1000.0,1000.0,NA,1024
14,169.73258423805237,1.6000000000000003e-05,1000.0,1000.0,NA,1024
15,172.69606184959412,1.6000000000000003e-05,1000.0,1000.0,NA,1024
16,175.7226424217224,1.6000000000000003e-05,1000.0,1000.0,NA,1024
17,178.74479389190674,1.6000000000000003e-05,1000.0,1000.0,NA,1024
18,181.7393319606781,1.6000000000000003e-05,1000.0,1000.0,NA,1024
19,184.77969765663147,1.6000000000000003e-05,1000.0,1000.0,NA,1024
20,187.75118136405945,1.6000000000000003e-05,1000.0,1000.0,NA,1023
21,190.79431176185608,1.6000000000000003e-05,1000.0,1000.0,NA,1024
22,193.77672338485718,1.6000000000000003e-05,1000.0,1000.0,NA,1023
23,196.7368061542511,1.5000000000000002e-05,1000.0,1000.0,NA,1024
24,199.81803464889526,1.6000000000000003e-05,1000.0,1000.0,NA,1022
25,202.7371804714203,1.5000000000000002e-05,1000.0,1000.0,NA,1024
26,205.7118217945099,1.5000000000000002e-05,1000.0,1000.0,NA,1024
27,208.75191640853882,1.5000000000000002e-05,1000.0,1000.0,NA,1024
28,211.72959184646606,1.5000000000000002e-05,1000.0,1000.0,NA,1023
29,214.77183413505554,1.6000000000000003e-05,1000.0,1000.0,NA,1024
30,217.75039339065552,1.6000000000000003e-05,1000.0,1000.0,NA,1024
31,220.7124538421631,1.5000000000000002e-05,1000.0,1000.0,NA,1024
32,223.7858967781067,1.5000000000000002e-05,1000.0,1000.0,NA,1023
33,226.7265441417694,1.5000000000000002e-05,1000.0,1000.0,NA,1023
34,229.78732323646545,1.6000000000000003e-05,1000.0,1000.0,NA,1024
35,232.79796648025513,1.5000000000000002e-05,1000.0,1000.0,NA,1023
36,235.75044775009155,1.5000000000000002e-05,1000.0,1000.0,NA,1023
37,238.7930724620819,1.5000000000000002e-05,1000.0,1000.0,NA,1024
38,241.8075659275055,1.5000000000000002e-05,1000.0,1000.0,NA,1023
39,244.84110498428345,1.5000000000000002e-05,1000.0,1000.0,NA,1023
40,247.75612044334412,1.5000000000000002e-05,1000.0,1000.0,NA,1024
41,250.78701734542847,1.5000000000000002e-05,1000.0,1000.0,NA,1024
42,253.82299900054932,1.5000000000000002e-05,1000.0,1000.0,NA,1023
43,256.8159546852112,1.5000000000000002e-05,1000.0,1000.0,NA,1023
44,259.7616696357727,1.5000000000000002e-05,1000.0,1000.0,NA,1023
45,262.83703684806824,1.5000000000000002e-05,1000.0,1000.0,NA,1023
46,265.7675106525421,1.5000000000000002e-05,1000.0,1000.0,NA,1023
47,268.78642559051514,1.5000000000000002e-05,1000.0,1000.0,NA,1024
48,271.81139087677,1.5000000000000002e-05,1000.0,1000.0,NA,1023
49,274.8540325164795,1.5000000000000002e-05,1000.0,1000.0,NA,1023
50,277.80094599723816,1.5000000000000002e-05,1000.0,1000.0,NA,1024
51,280.8286247253418,1.5000000000000002e-05,1000.0,1000.0,NA,1024
52,283.8607060909271,1.5000000000000002e-05,1000.0,1000.0,NA,1024
53,286.9121458530426,1.5000000000000002e-05,1000.0,1000.0,NA,1024
54,289.92092990875244,1.5000000000000002e-05,1000.0,1000.0,NA,1024
55,292.84928011894226,1.5000000000000002e-05,1000.0,1000.0,NA,1022
56,295.8816828727722,1.5000000000000002e-05,1000.0,1000.0,NA,1024
57,298.9146511554718,1.5000000000000002e-05,1000.0,1000.0,NA,1024
58,301.8907279968262,1.5000000000000002e-05,1000.0,1000.0,NA,1024
59,304.8450815677643,1.5000000000000002e-05,1000.0,1000.0,NA,1023
60,307.8700661659241,1.5000000000000002e-05,1000.0,1000.0,NA,1024
61,310.8695511817932,1.5000000000000002e-05,1000.0,1000.0,NA,1023
62,313.83094549179077,1.5000000000000002e-05,1000.0,1000.0,NA,1023
63,316.85223174095154,1.5000000000000002e-05,1000.0,1000.0,NA,1024
64,319.8488755226135,1.5000000000000002e-05,1000.0,1000.0,NA,1023
65,322.87523913383484,1.5000000000000002e-05,1000.0,1000.0,NA,1024
66,325.8505048751831,1.5000000000000002e-05,1000.0,1000.0,NA,1024
67,328.8921227455139,1.5000000000000002e-05,1000.0,1000.0,NA,1024
68,331.86660599708557,1.5000000000000002e-05,1000.0,1000.0,NA,1023
69,334.84657287597656,1.5000000000000002e-05,1000.0,1000.0,NA,1023
70,337.8868887424469,1.5000000000000002e-05,1000.0,1000.0,NA,1024
71,340.9433784484863,1.5000000000000002e-05,1000.0,1000.0,NA,1024
72,343.882435798645,1.5000000000000002e-05,1000.0,1000.0,NA,1023
73,346.88086128234863,1.5000000000000002e-05,1000.0,1000.0,NA,1024
74,349.91359424591064,1.5000000000000002e-05,1000.0,1000.0,NA,1023
75,352.8846158981323,1.5000000000000002e-05,1000.0,1000.0,NA,1023
76,355.8450345993042,1.5000000000000002e-05,1000.0,1000.0,NA,1024
77,358.89698672294617,1.5000000000000002e-05,1000.0,1000.0,NA,1024
78,361.9579985141754,1.5000000000000002e-05,1000.0,1000.0,NA,1023
79,364.87070775032043,1.5000000000000002e-05,1000.0,1000.0,NA,1025
80,367.91043758392334,1.5000000000000002e-05,1000.0,1000.0,NA,1024
81,370.93659257888794,1.5000000000000002e-05,1000.0,1000.0,NA,1024
82,373.8595070838928,1.5000000000000002e-05,1000.0,1000.0,NA,1024
83,376.90338039398193,1.5000000000000002e-05,1000.0,1000.0,NA,1024
84,379.91551780700684,1.5000000000000002e-05,1000.0,1000.0,NA,1023
85,382.8702108860016,1.5000000000000002e-05,1000.0,1000.0,NA,1024
86,385.9182994365692,1.5000000000000002e-05,1000.0,1000.0,NA,1024
87,388.8788089752197,1.5000000000000002e-05,1000.0,1000.0,NA,1023
88,391.9130804538727,1.5000000000000002e-05,1000.0,1000.0,NA,1023
89,394.91294598579407,1.5000000000000002e-05,1000.0,1000.0,NA,1023
90,397.8693244457245,1.5000000000000002e-05,1000.0,1000.0,NA,1023
91,400.9094705581665,1.5000000000000002e-05,1000.0,1000.0,NA,1023
92,403.9352812767029,1.5000000000000002e-05,1000.0,1000.0,NA,1024
93,406.9322144985199,1.5000000000000002e-05,1000.0,1000.0,NA,1024
94,409.9709777832031,1.5000000000000002e-05,1000.0,1000.0,NA,1024
95,412.93520283699036,1.5000000000000002e-05,1000.0,1000.0,NA,1024
96,415.92492389678955,1.5000000000000002e-05,1000.0,1000.0,NA,1024
97,418.9601984024048,1.5000000000000002e-05,1000.0,1000.0,NA,1024
98,421.93986105918884,1.5000000000000002e-05,1000.0,1000.0,NA,1024
99,425.05000162124634,1.5000000000000002e-05,1000.0,1000.0,NA,1023
100,427.9318685531616,1.5000000000000002e-05,1000.0,1000.0,NA,1023
101,430.9806799888611,1.5000000000000002e-05,1000.0,1000.0,NA,1023
102,433.94831705093384,1.5000000000000002e-05,1000.0,1000.0,NA,1024
103,436.9209098815918,1.5000000000000002e-05,1000.0,1000.0,NA,1024
104,439.9834098815918,1.5000000000000002e-05,1000.0,1000.0,NA,1024
105,443.03555393218994,1.5000000000000002e-05,1000.0,1000.0,NA,1023
106,445.99896812438965,1.5000000000000002e-05,1000.0,1000.0,NA,1023
107,449.0432651042938,1.5000000000000002e-05,1000.0,1000.0,NA,1024
108,451.9347767829895,1.5000000000000002e-05,1000.0,1000.0,NA,1024
109,454.9779450893402,1.5000000000000002e-05,1000.0,1000.0,NA,1024
110,458.01377749443054,1.5000000000000002e-05,1000.0,1000.0,NA,1024
111,461.0147249698639,1.5000000000000002e-05,1000.0,1000.0,NA,1023
112,463.9550836086273,1.5000000000000002e-05,1000.0,1000.0,NA,1023
113,467.00057911872864,1.5000000000000002e-05,1000.0,1000.0,NA,1023
114,470.0582311153412,1.5000000000000002e-05,1000.0,1000.0,NA,1024
115,473.03081798553467,1.5000000000000002e-05,1000.0,1000.0,NA,1023
116,475.99061369895935,1.5000000000000002e-05,1000.0,1000.0,NA,1023
117,479.03551483154297,1.5000000000000002e-05,1000.0,1000.0,NA,1023
118,482.00572323799133,1.5000000000000002e-05,1000.0,1000.0,NA,1024
119,485.00222611427307,1.5000000000000002e-05,1000.0,1000.0,NA,1023
120,488.0478653907776,1.5000000000000002e-05,1000.0,1000.0,NA,1025
121,491.0720627307892,1.5000000000000002e-05,1000.0,1000.0,NA,1023
122,494.0000925064087,1.5000000000000002e-05,1000.0,1000.0,NA,1024
123,497.0222246646881,1.5000000000000002e-05,1000.0,1000.0,NA,1023
124,500.04905557632446,1.5000000000000002e-05,1000.0,1000.0,NA,1023
125,502.98744225502014,1.5000000000000002e-05,1000.0,1000.0,NA,1023
126,505.9875283241272,1.5000000000000002e-05,1000.0,1000.0,NA,1024
127,509.01400542259216,1.5000000000000002e-05,1000.0,1000.0,NA,1024
128,512.0553505420685,1.5000000000000002e-05,1000.0,1000.0,NA,1023
129,515.0631847381592,1.5000000000000002e-05,1000.0,1000.0,NA,1023
130,517.9928159713745,1.5000000000000002e-05,1000.0,1000.0,NA,1023
131,521.0316686630249,1.5000000000000002e-05,1000.0,1000.0,NA,1023
132,524.0203831195831,1.5000000000000002e-05,1000.0,1000.0,NA,1024
133,526.9864647388458,1.5000000000000002e-05,1000.0,1000.0,NA,1024
134,530.0396223068237,1.5000000000000002e-05,1000.0,1000.0,NA,1024
135,533.0773735046387,1.5000000000000002e-05,1000.0,1000.0,NA,1024
136,536.0589516162872,1.5000000000000002e-05,1000.0,1000.0,NA,1023
137,539.0243718624115,1.5000000000000002e-05,1000.0,1000.0,NA,1025
138,542.0654630661011,1.5000000000000002e-05,1000.0,1000.0,NA,1023
139,545.0186107158661,1.5000000000000002e-05,1000.0,1000.0,NA,1023
140,548.0816509723663,1.5000000000000002e-05,1000.0,1000.0,NA,1023
141,551.0428946018219,1.5000000000000002e-05,1000.0,1000.0,NA,1023
142,554.0645112991333,1.5000000000000002e-05,1000.0,1000.0,NA,1023
143,557.0795505046844,1.5000000000000002e-05,1000.0,1000.0,NA,1024
144,560.070426940918,1.5000000000000002e-05,1000.0,1000.0,NA,1023
145,563.0732367038727,1.5000000000000002e-05,1000.0,1000.0,NA,1024
146,566.0406537055969,1.5000000000000002e-05,1000.0,1000.0,NA,1024
147,569.0807933807373,1.5000000000000002e-05,1000.0,1000.0,NA,1024
148,572.0426163673401,1.5000000000000002e-05,1000.0,1000.0,NA,1023
149,575.0823695659637,1.5000000000000002e-05,1000.0,1000.0,NA,1023
150,578.0925602912903,1.5000000000000002e-05,1000.0,1000.0,NA,1023
151,581.0217196941376,1.5000000000000002e-05,1000.0,1000.0,NA,1023
152,584.0756742954254,1.5000000000000002e-05,1000.0,1000.0,NA,1024
153,587.0660579204559,1.5000000000000002e-05,1000.0,1000.0,NA,1024
154,590.1132376194,1.5000000000000002e-05,1000.0,1000.0,NA,1024
155,593.08864569664,1.5000000000000002e-05,1000.0,1000.0,NA,1022
156,596.111979007721,1.5000000000000002e-05,1000.0,1000.0,NA,1023
157,599.1643462181091,1.5000000000000002e-05,1000.0,1000.0,NA,1023
158,602.1442699432373,1.5000000000000002e-05,1000.0,1000.0,NA,1024
159,605.071727514267,1.5000000000000002e-05,1000.0,1000.0,NA,1023
160,608.19890666008,1.5000000000000002e-05,1000.0,1000.0,NA,1023
161,611.1065330505371,1.5000000000000002e-05,1000.0,1000.0,NA,1024
162,614.0824065208435,1.5000000000000002e-05,1000.0,1000.0,NA,1023
163,617.1249549388885,1.5000000000000002e-05,1000.0,1000.0,NA,1023
164,620.1552057266235,1.5000000000000002e-05,1000.0,1000.0,NA,1023
165,623.0987393856049,1.5000000000000002e-05,1000.0,1000.0,NA,1023
166,626.1254267692566,1.5000000000000002e-05,1000.0,1000.0,NA,1023
167,629.1433463096619,1.5000000000000002e-05,1000.0,1000.0,NA,1024
168,632.0757257938385,1.5000000000000002e-05,1000.0,1000.0,NA,1024
169,635.0999178886414,1.5000000000000002e-05,1000.0,1000.0,NA,1023
170,638.1290993690491,1.5000000000000002e-05,1000.0,1000.0,NA,1023
171,641.170156955719,1.5000000000000002e-05,1000.0,1000.0,NA,1024
172,644.0930378437042,1.4e-05,1000.0,1000.0,NA,1023
173,647.0758154392242,1.4e-05,1000.0,1000.0,NA,1023
174,650.126008272171,1.4e-05,1000.0,1000.0,NA,1023
175,653.1415457725525,1.4e-05,1000.0,1000.0,NA,1023
176,656.0709657669067,1.4e-05,1000.0,1000.0,NA,1024
177,659.1042013168335,1.4e-05,1000.0,1000.0,NA,1024
178,662.1201286315918,1.4e-05,1000.0,1000.0,NA,1024
179,665.144748210907,1.4e-05,1000.0,1000.0,NA,1023
180,668.098938703537,1.4e-05,1000.0,1000.0,NA,1023
181,671.2203164100647,1.4e-05,1000.0,1000.0,NA,1023
182,674.1240055561066,1.4e-05,1000.0,1000.0,NA,1023
183,677.1651351451874,1.4e-05,1000.0,1000.0,NA,1024
184,680.1425583362579,1.4e-05,1000.0,1000.0,NA,1024
185,683.1173515319824,1.4e-05,1000.0,1000.0,NA,1023
186,686.158783197403,1.4e-05,1000.0,1000.0,NA,1024
187,689.1198163032532,1.4e-05,1000.0,1000.0,NA,1024
188,692.2051064968109,1.4e-05,1000.0,1000.0,NA,1024
189,695.1382477283478,1.4e-05,1000.0,1000.0,NA,1024
190,698.1728963851929,1.4e-05,1000.0,1000.0,NA,1023
191,701.1829447746277,1.4e-05,1000.0,1000.0,NA,1024
192,704.1099154949188,1.4e-05,1000.0,1000.0,NA,1024
193,707.1117460727692,1.4e-05,1000.0,1000.0,NA,1024
194,710.1329848766327,1.4e-05,1000.0,1000.0,NA,1024
195,713.176234960556,1.4e-05,1000.0,1000.0,NA,1024
196,716.1818625926971,1.4e-05,1000.0,1000.0,NA,1024
197,719.1132762432098,1.4e-05,1000.0,1000.0,NA,1024
198,722.1546175479889,1.4e-05,1000.0,1000.0,NA,1023
199,725.1975979804993,1.4e-05,1000.0,1000.0,NA,1023
200,728.1344268321991,1.4e-05,1000.0,1000.0,NA,1023
201,731.1180217266083,1.4e-05,1000.0,1000.0,NA,1023
202,734.1209235191345,1.4e-05,1000.0,1000.0,NA,1023
203,737.1363277435303,1.4e-05,1000.0,1000.0,NA,1023
204,740.1777105331421,1.4e-05,1000.0,1000.0,NA,1024
205,743.2140531539917,1.4e-05,1000.0,1000.0,NA,1023
206,746.1316726207733,1.4e-05,1000.0,1000.0,NA,1023
207,749.1864495277405,1.4e-05,1000.0,1000.0,NA,1023
208,752.1465518474579,1.4e-05,1000.0,1000.0,NA,1024
209,755.1265976428986,1.4e-05,1000.0,1000.0,NA,1023
210,758.1803584098816,1.4e-05,1000.0,1000.0,NA,1024
211,761.1415507793427,1.4e-05,1000.0,1000.0,NA,1024
212,764.1620244979858,1.4e-05,1000.0,1000.0,NA,1024
213,767.141322851181,1.4e-05,1000.0,1000.0,NA,1024
214,770.1803925037384,1.4e-05,1000.0,1000.0,NA,1023
215,773.1436326503754,1.4e-05,1000.0,1000.0,NA,1023
216,776.1893994808197,1.4e-05,1000.0,1000.0,NA,1024
217,779.1983337402344,1.4e-05,1000.0,1000.0,NA,1023
218,782.2053377628326,1.4e-05,1000.0,1000.0,NA,1023
219,785.184487581253,1.4e-05,1000.0,1000.0,NA,1024
220,788.1753189563751,1.4e-05,1000.0,1000.0,NA,1024
221,791.1867520809174,1.4e-05,1000.0,1000.0,NA,1024
222,794.1600270271301,1.4e-05,1000.0,1000.0,NA,1023
223,797.2171266078949,1.4e-05,1000.0,1000.0,NA,1023
224,800.1760461330414,1.4e-05,1000.0,1000.0,NA,1024
225,803.1724603176117,1.4e-05,1000.0,1000.0,NA,1023
226,806.2165713310242,1.4e-05,1000.0,1000.0,NA,1024
227,809.2866735458374,1.4e-05,1000.0,1000.0,NA,1023
228,812.2018294334412,1.4e-05,1000.0,1000.0,NA,1024
229,815.1704540252686,1.4e-05,1000.0,1000.0,NA,1024
230,818.2797951698303,1.4e-05,1000.0,1000.0,NA,1023
231,821.1960115432739,1.4e-05,1000.0,1000.0,NA,1024
232,824.2364933490753,1.4e-05,1000.0,1000.0,NA,1023
233,827.2790503501892,1.4e-05,1000.0,1000.0,NA,1024
234,830.1919784545898,1.4e-05,1000.0,1000.0,NA,1024
235,833.2266845703125,1.4e-05,1000.0,1000.0,NA,1023
236,836.2727882862091,1.4e-05,1000.0,1000.0,NA,1024
237,839.2332909107208,1.4e-05,1000.0,1000.0,NA,1023
238,842.2359669208527,1.4e-05,1000.0,1000.0,NA,1024
239,845.2511692047119,1.4e-05,1000.0,1000.0,NA,1024
240,848.2774577140808,1.4e-05,1000.0,1000.0,NA,1024
241,851.3134424686432,1.4e-05,1000.0,1000.0,NA,1023
242,854.2152013778687,1.4e-05,1000.0,1000.0,NA,1023
243,857.2887182235718,1.4e-05,1000.0,1000.0,NA,1024
244,860.2652163505554,1.4e-05,1000.0,1000.0,NA,1023
245,863.3828785419464,1.4e-05,1000.0,1000.0,NA,1024
246,866.2820417881012,1.4e-05,1000.0,1000.0,NA,1024
247,869.3095231056213,1.4e-05,1000.0,1000.0,NA,1025
248,872.3336308002472,1.4e-05,1000.0,1000.0,NA,1024
249,875.3590090274811,1.4e-05,1000.0,1000.0,NA,1024
250,878.3937647342682,1.4e-05,1000.0,1000.0,NA,1023
251,881.3082363605499,1.4e-05,1000.0,1000.0,NA,1024
252,884.3314738273621,1.4e-05,1000.0,1000.0,NA,1024
253,887.3790280818939,1.4e-05,1000.0,1000.0,NA,1023
254,890.3559567928314,1.4e-05,1000.0,1000.0,NA,1023
255,893.3779888153076,1.4e-05,1000.0,1000.0,NA,1023
256,896.351485490799,1.4e-05,1000.0,1000.0,NA,1024
257,899.393349647522,1.4e-05,1000.0,1000.0,NA,1023
258,902.37575507164,1.4e-05,1000.0,1000.0,NA,1023
259,905.3681070804596,1.4e-05,1000.0,1000.0,NA,1023
260,908.4557719230652,1.4e-05,1000.0,1000.0,NA,1023
261,911.3497483730316,1.4e-05,1000.0,1000.0,NA,1023
262,914.3934707641602,1.4e-05,1000.0,1000.0,NA,1023
263,917.3723578453064,1.4e-05,1000.0,1000.0,NA,1023
264,920.334014415741,1.4e-05,1000.0,1000.0,NA,1024
265,923.391354560852,1.4e-05,1000.0,1000.0,NA,1023
266,926.3679575920105,1.4e-05,1000.0,1000.0,NA,1023
267,929.4485614299774,1.4e-05,1000.0,1000.0,NA,1024
268,932.3700666427612,1.4e-05,1000.0,1000.0,NA,1023
269,935.403281211853,1.4e-05,1000.0,1000.0,NA,1023
270,938.3892021179199,1.4e-05,1000.0,1000.0,NA,1023
271,941.4280622005463,1.4e-05,1000.0,1000.0,NA,1023
272,944.3579387664795,1.4e-05,1000.0,1000.0,NA,1024
273,947.378324508667,1.4e-05,1000.0,1000.0,NA,1023
274,950.387353181839,1.4e-05,1000.0,1000.0,NA,1023
275,953.3819742202759,1.4e-05,1000.0,1000.0,NA,1024
276,956.436368227005,1.4e-05,1000.0,1000.0,NA,1024
277,959.3664267063141,1.4e-05,1000.0,1000.0,NA,1024
278,962.4907660484314,1.4e-05,1000.0,1000.0,NA,1023
279,965.4213073253632,1.4e-05,1000.0,1000.0,NA,1023
280,968.4548044204712,1.4e-05,1000.0,1000.0,NA,1024
281,971.4664504528046,1.4e-05,1000.0,1000.0,NA,1023
282,974.4003911018372,1.4e-05,1000.0,1000.0,NA,1024
283,977.4264607429504,1.4e-05,1000.0,1000.0,NA,1024
284,980.4184546470642,1.4e-05,1000.0,1000.0,NA,1023
285,983.4538540840149,1.4e-05,1000.0,1000.0,NA,1024
286,986.4293756484985,1.4e-05,1000.0,1000.0,NA,1023
287,989.455973148346,1.4e-05,1000.0,1000.0,NA,1024
288,992.4148812294006,1.4e-05,1000.0,1000.0,NA,1023
289,995.3955245018005,1.4e-05,1000.0,1000.0,NA,1024
290,998.452449798584,1.4e-05,1000.0,1000.0,NA,1024
291,1001.4324855804443,1.4e-05,1000.0,1000.0,NA,1024
292,1004.4746685028076,1.4e-05,1000.0,1000.0,NA,1023
293,1007.465808391571,1.4e-05,1000.0,1000.0,NA,1024
294,1010.4765765666962,1.4e-05,1000.0,1000.0,NA,1024
295,1013.4485683441162,1.4e-05,1000.0,1000.0,NA,1024
296,1016.4117894172668,1.4e-05,1000.0,1000.0,NA,1023
297,1019.4702715873718,1.4e-05,1000.0,1000.0,NA,1024
298,1022.4410517215729,1.4e-05,1000.0,1000.0,NA,1023
299,1025.4567475318909,1.4e-05,1000.0,1000.0,NA,1023
300,1028.4666659832,1.4e-05,1000.0,1000.0,NA,1023
301,1031.4875330924988,1.4e-05,1000.0,1000.0,NA,1023
302,1034.4176211357117,1.4e-05,1000.0,1000.0,NA,1023
303,1037.4417951107025,1.4e-05,1000.0,1000.0,NA,1024
304,1040.4983594417572,1.4e-05,1000.0,1000.0,NA,1023
305,1043.5212059020996,1.4e-05,1000.0,1000.0,NA,1023
306,1046.499834060669,1.4e-05,1000.0,1000.0,NA,1024
307,1049.5446755886078,1.4e-05,1000.0,1000.0,NA,1024
308,1052.5057682991028,1.4e-05,1000.0,1000.0,NA,1023
309,1055.4670014381409,1.4e-05,1000.0,1000.0,NA,1024
310,1058.506758928299,1.4e-05,1000.0,1000.0,NA,1023
311,1061.4832553863525,1.4e-05,1000.0,1000.0,NA,1023
312,1064.4570214748383,1.4e-05,1000.0,1000.0,NA,1023
313,1067.5016753673553,1.4e-05,1000.0,1000.0,NA,1023
314,1070.4658188819885,1.4e-05,1000.0,1000.0,NA,1024
315,1073.441581249237,1.4e-05,1000.0,1000.0,NA,1024
316,1076.4809441566467,1.4e-05,1000.0,1000.0,NA,1023
317,1079.5236535072327,1.4e-05,1000.0,1000.0,NA,1023
318,1082.50150680542,1.4e-05,1000.0,1000.0,NA,1024
319,1085.4542517662048,1.4e-05,1000.0,1000.0,NA,1023
320,1088.5135662555695,1.4e-05,1000.0,1000.0,NA,1023
321,1091.559871673584,1.4e-05,1000.0,1000.0,NA,1023
322,1094.488774061203,1.4e-05,1000.0,1000.0,NA,1023
323,1097.5385501384735,1.4e-05,1000.0,1000.0,NA,1023
324,1100.5631527900696,1.4e-05,1000.0,1000.0,NA,1024
325,1103.4958403110504,1.4e-05,1000.0,1000.0,NA,1024
326,1106.5333540439606,1.4e-05,1000.0,1000.0,NA,1024
327,1109.5491433143616,1.4e-05,1000.0,1000.0,NA,1024
328,1112.60262966156,1.4e-05,1000.0,1000.0,NA,1024
329,1115.6421570777893,1.4e-05,1000.0,1000.0,NA,1023
330,1118.556931257248,1.4e-05,1000.0,1000.0,NA,1023
331,1121.5858447551727,1.4e-05,1000.0,1000.0,NA,1024
332,1124.6385116577148,1.4e-05,1000.0,1000.0,NA,1023
333,1127.537513256073,1.4e-05,1000.0,1000.0,NA,1024
334,1130.5721518993378,1.4e-05,1000.0,1000.0,NA,1024
335,1133.5984055995941,1.4e-05,1000.0,1000.0,NA,1023
336,1136.5346159934998,1.4e-05,1000.0,1000.0,NA,1023
337,1139.5597200393677,1.4e-05,1000.0,1000.0,NA,1024
338,1142.5927493572235,1.4e-05,1000.0,1000.0,NA,1023
339,1145.640128850937,1.4e-05,1000.0,1000.0,NA,1024
340,1148.5511662960052,1.4e-05,1000.0,1000.0,NA,1024
341,1151.57151389122,1.4e-05,1000.0,1000.0,NA,1024
342,1154.6133029460907,1.4e-05,1000.0,1000.0,NA,1023
343,1157.661741733551,1.4e-05,1000.0,1000.0,NA,1023
344,1160.5541634559631,1.3000000000000001e-05,1000.0,1000.0,NA,1024
345,1163.5350332260132,1.3000000000000001e-05,1000.0,1000.0,NA,1023
346,1166.6559174060822,1.3000000000000001e-05,1000.0,1000.0,NA,1023
347,1169.694405078888,1.4e-05,1000.0,1000.0,NA,1024
348,1172.569768190384,1.4e-05,1000.0,1000.0,NA,1023
349,1175.6157803535461,1.3000000000000001e-05,1000.0,1000.0,NA,1024
350,1178.6589980125427,1.4e-05,1000.0,1000.0,NA,1024
351,1181.6292941570282,1.4e-05,1000.0,1000.0,NA,1024
352,1184.5949692726135,1.4e-05,1000.0,1000.0,NA,1024
353,1244.5537240505219,1.3000000000000001e-05,1000.0,1000.0,NA,1023
354,1274.815687417984,1.3000000000000001e-05,1000.0,1000.0,NA,1023
355,1304.8142302036285,1.3000000000000001e-05,1000.0,1000.0,NA,1024
356,1334.8237800598145,1.3000000000000001e-05,1000.0,1000.0,NA,1024
357,1364.9110469818115,1.3000000000000001e-05,1000.0,1000.0,NA,1024
358,1394.8691120147705,1.3000000000000001e-05,1000.0,1000.0,NA,1024
359,1424.930278301239,1.3000000000000001e-05,1000.0,1000.0,NA,1024
360,1455.1963386535645,1.4e-05,1000.0,1000.0,NA,1024
361,1484.848627090454,1.6000000000000003e-05,1000.0,1000.0,NA,1023
362,1514.846314907074,1.8e-05,1000.0,1000.0,NA,1022
363,1544.8549032211304,2.1000000000000002e-05,1000.0,1000.0,NA,1023
364,1574.8215987682343,2.5e-05,1000.0,1000.0,NA,1024
365,1604.8961341381073,2.8e-05,1000.0,1000.0,NA,1023
366,1634.8545145988464,2.9e-05,1000.0,1000.0,NA,1023
367,1664.994066476822,2.8e-05,1000.0,1000.0,NA,1024
368,1694.8385775089264,2.4e-05,1000.0,1000.0,NA,1024
369,1724.952996969223,2.1000000000000002e-05,1000.0,1000.0,NA,1024
370,1754.8615543842316,1.9e-05,1000.0,1000.0,NA,1023
371,1784.9227221012115,1.8e-05,1000.0,1000.0,NA,1023
372,1814.8778789043427,1.7e-05,1000.0,1000.0,NA,1023
373,1844.8581550121307,1.7e-05,1000.0,1000.0,NA,1023
374,1874.9167382717133,1.6000000000000003e-05,1000.0,1000.0,NA,1024
375,1904.9137110710144,1.6000000000000003e-05,1000.0,1000.0,NA,1024
376,1934.8764584064484,1.6000000000000003e-05,1000.0,1000.0,NA,1024
377,1964.8981294631958,1.6000000000000003e-05,1000.0,1000.0,NA,1024
378,1994.9431138038635,1.6000000000000003e-05,1000.0,1000.0,NA,1024
379,2024.9502737522125,1.6000000000000003e-05,1000.0,1000.0,NA,1024
380,2054.9097084999084,1.6000000000000003e-05,1000.0,1000.0,NA,1023
381,2084.92418217659,1.5000000000000002e-05,1000.0,1000.0,NA,1023
382,2114.9005584716797,1.5000000000000002e-05,1000.0,1000.0,NA,1024
383,2144.8926153182983,1.5000000000000002e-05,1000.0,1000.0,NA,1024
384,2174.903071165085,1.5000000000000002e-05,1000.0,1000.0,NA,1023
385,2204.9329726696014,1.5000000000000002e-05,1000.0,1000.0,NA,1024
386,2234.9204154014587,1.5000000000000002e-05,1000.0,1000.0,NA,1023
387,2264.928510904312,1.5000000000000002e-05,1000.0,1000.0,NA,1023
388,2294.892008304596,1.5000000000000002e-05,1000.0,1000.0,NA,1024
389,2324.917546272278,1.5000000000000002e-05,1000.0,1000.0,NA,1024
390,2354.9486043453217,1.5000000000000002e-05,1000.0,1000.0,NA,1023
391,2384.9865489006042,1.5000000000000002e-05,1000.0,1000.0,NA,1024
392,2414.9300816059113,1.5000000000000002e-05,1000.0,1000.0,NA,1023
393,2444.898060798645,1.5000000000000002e-05,1000.0,1000.0,NA,1023
394,2474.9881172180176,1.5000000000000002e-05,1000.0,1000.0,NA,1025
395,2504.9507727622986,1.5000000000000002e-05,1000.0,1000.0,NA,1024
396,2534.9739961624146,1.5000000000000002e-05,1000.0,1000.0,NA,1023
397,2564.9377915859222,1.5000000000000002e-05,1000.0,1000.0,NA,1024
398,2594.9458837509155,1.5000000000000002e-05,1000.0,1000.0,NA,1024
399,2624.957901239395,1.5000000000000002e-05,1000.0,1000.0,NA,1023
400,2654.9489603042603,1.5000000000000002e-05,1000.0,1000.0,NA,1024
401,2684.9293789863586,1.5000000000000002e-05,1000.0,1000.0,NA,1023
402,2715.020283460617,1.5000000000000002e-05,1000.0,1000.0,NA,1024
403,2744.9752275943756,1.5000000000000002e-05,1000.0,1000.0,NA,1024
404,2774.959411382675,1.5000000000000002e-05,1000.0,1000.0,NA,1023
405,2804.936434984207,1.5000000000000002e-05,1000.0,1000.0,NA,1023
406,2834.930021047592,1.5000000000000002e-05,1000.0,1000.0,NA,1024
407,2864.9030759334564,1.5000000000000002e-05,1000.0,1000.0,NA,1024
408,2894.9167795181274,1.5000000000000002e-05,1000.0,1000.0,NA,1024
409,2924.9485704898834,1.5000000000000002e-05,1000.0,1000.0,NA,1024
410,2954.965759038925,1.5000000000000002e-05,1000.0,1000.0,NA,1023
411,2984.9272451400757,1.5000000000000002e-05,1000.0,1000.0,NA,1024
412,3014.9279103279114,1.5000000000000002e-05,1000.0,1000.0,NA,1023
413,3044.9138491153717,1.5000000000000002e-05,1000.0,1000.0,NA,1024
414,3075.0150213241577,1.5000000000000002e-05,1000.0,1000.0,NA,1023
415,3105.043614625931,1.5000000000000002e-05,1000.0,1000.0,NA,1024
416,3134.9958262443542,1.5000000000000002e-05,1000.0,1000.0,NA,1024
417,3164.943995475769,1.5000000000000002e-05,1000.0,1000.0,NA,1023
418,3194.9722335338593,1.5000000000000002e-05,1000.0,1000.0,NA,1023
419,3224.9323456287384,1.5000000000000002e-05,1000.0,1000.0,NA,1023
420,3255.006573200226,1.5000000000000002e-05,1000.0,1000.0,NA,1023
421,3284.9435997009277,1.5000000000000002e-05,1000.0,1000.0,NA,1023
422,3314.994034051895,1.5000000000000002e-05,1000.0,1000.0,NA,1023
423,3344.985685110092,1.5000000000000002e-05,1000.0,1000.0,NA,1024
424,3374.956162214279,1.5000000000000002e-05,1000.0,1000.0,NA,1023
425,3404.961898088455,1.5000000000000002e-05,1000.0,1000.0,NA,1024
426,3434.9389169216156,1.5000000000000002e-05,1000.0,1000.0,NA,1024
427,3465.0151052474976,1.5000000000000002e-05,1000.0,1000.0,NA,1023
428,3495.0424773693085,1.5000000000000002e-05,1000.0,1000.0,NA,1023
429,3525.0309863090515,1.5000000000000002e-05,1000.0,1000.0,NA,1024
430,3554.9595539569855,1.5000000000000002e-05,1000.0,1000.0,NA,1023
431,3584.960705280304,1.6000000000000003e-05,1000.0,1000.0,NA,1023
432,3615.0126128196716,1.6000000000000003e-05,1000.0,1000.0,NA,1024
433,3645.0293378829956,1.7e-05,1000.0,1000.0,NA,1023
434,3675.0199098587036,1.9e-05,1000.0,1000.0,NA,1023
435,3705.002807855606,2e-05,1000.0,1000.0,NA,1023
436,3735.1071512699127,2.3e-05,1000.0,1000.0,NA,1022
437,3764.9524042606354,2.6000000000000002e-05,1000.0,1000.0,NA,1024
438,3795.0003933906555,2.9e-05,1000.0,1000.0,NA,1023
439,3824.986745119095,3.2000000000000005e-05,1000.0,1000.0,NA,1023
440,3855.0132019519806,3.4e-05,1000.0,1000.0,NA,1024
441,3885.0070576667786,3.6e-05,1000.0,1000.0,NA,1023
442,3915.019050359726,3.7000000000000005e-05,1000.0,1000.0,NA,1023
443,3944.985592365265,3.7000000000000005e-05,1000.0,1000.0,NA,1024
444,3975.0275354385376,3.8e-05,1000.0,1000.0,NA,1024
445,4005.034449338913,3.8e-05,1000.0,1000.0,NA,1024
446,4034.9968864917755,3.8e-05,1000.0,1000.0,NA,1024
447,4065.0528156757355,3.8e-05,1000.0,1000.0,NA,1024
448,4095.09938120842,3.9e-05,1000.0,1000.0,NA,1023
449,4125.059943199158,3.9e-05,1000.0,1000.0,NA,1023
450,4155.034483194351,3.9e-05,1000.0,1000.0,NA,1023
451,4185.080308914185,4e-05,1000.0,1000.0,NA,1023
452,4215.042412281036,4.1e-05,1000.0,1000.0,NA,1024
453,4245.097611904144,4.1e-05,1000.0,1000.0,NA,1024
454,4275.059545040131,4.2000000000000004e-05,1000.0,1000.0,NA,1023
455,4305.038496017456,4.3e-05,1000.0,1000.0,NA,1024
456,4335.065875291824,4.4000000000000006e-05,1000.0,1000.0,NA,1024
457,4365.156687498093,4.5e-05,1000.0,1000.0,NA,1023
458,4395.102653503418,4.7000000000000004e-05,1000.0,1000.0,NA,1024
459,4425.088648557663,4.8e-05,1000.0,1000.0,NA,1023
460,4455.10200381279,4.9000000000000005e-05,1000.0,1000.0,NA,1024
461,4485.0982484817505,5.1e-05,1000.0,1000.0,NA,1023
462,4515.0794949531555,5.3e-05,1000.0,1000.0,NA,1023
463,4545.072608470917,5.4000000000000005e-05,1000.0,1000.0,NA,1023
464,4575.131303310394,5.6e-05,1000.0,1000.0,NA,1023
465,4605.136225700378,5.8e-05,1000.0,1000.0,NA,1023
466,4635.09638094902,6.000000000000001e-05,1000.0,1000.0,NA,1023
467,4665.177042007446,6.2e-05,1000.0,1000.0,NA,1024
468,4695.091968536377,6.500000000000001e-05,1000.0,1000.0,NA,1024
469,4725.178806304932,6.7e-05,1000.0,1000.0,NA,1024
470,4755.159201383591,7.000000000000001e-05,1000.0,1000.0,NA,1023
471,4785.148554801941,7.2e-05,1000.0,1000.0,NA,1024
472,4815.113254785538,7.500000000000001e-05,1000.0,1000.0,NA,1023
473,4845.093341827393,7.7e-05,1000.0,1000.0,NA,1023
474,4875.1177134513855,8e-05,1000.0,1000.0,NA,1023
475,4905.108551502228,8.300000000000001e-05,1000.0,1000.0,NA,1023
476,4935.125109434128,8.6e-05,1000.0,1000.0,NA,1024
477,4965.103570222855,8.800000000000001e-05,1000.0,1000.0,NA,1023
478,4995.125558376312,9.1e-05,1000.0,1000.0,NA,1023
479,5025.10831785202,9.400000000000001e-05,1000.0,1000.0,NA,1023
480,5055.213759422302,9.800000000000001e-05,1000.0,1000.0,NA,1023
481,5085.160443782806,0.0001,1000.0,1000.0,NA,1024
482,5115.146746873856,0.0001,1000.0,1000.0,NA,1024
483,5145.1118376255035,0.00011000000000000002,1000.0,1000.0,NA,1023
484,5175.186179637909,0.00011000000000000002,1000.0,1000.0,NA,1024
485,5205.15432882309,0.00011000000000000002,1000.0,1000.0,NA,1024
486,5235.1765666008,0.00012,1000.0,1000.0,NA,1023
487,5265.168392896652,0.00012,1000.0,1000.0,NA,1023
488,5295.243610620499,0.00012,1000.0,1000.0,NA,1024
489,5325.226372241974,0.00013000000000000002,1000.0,1000.0,NA,1024
490,5355.188542842865,0.00013000000000000002,1000.0,1000.0,NA,1024
491,5385.198813199997,0.00013000000000000002,1000.0,1000.0,NA,1023
492,5415.22208237648,0.00014,1000.0,1000.0,NA,1023
493,5445.1552057266235,0.00014,1000.0,1000.0,NA,1024
494,5475.150718927383,0.00014,1000.0,1000.0,NA,1023
495,5505.154225587845,0.00015000000000000001,1000.0,1000.0,NA,1023
496,5535.197504043579,0.00015000000000000001,1000.0,1000.0,NA,1023
497,5565.131506204605,0.00016,1000.0,1000.0,NA,1023
498,5595.187898874283,0.00016,1000.0,1000.0,NA,1023
499,5625.290194511414,0.00016,1000.0,1000.0,NA,1024
500,5655.157666444778,0.00017,1000.0,1000.0,NA,1023
501,5685.270273208618,0.00017,1000.0,1000.0,NA,1025
502,5715.263105392456,0.00017,1000.0,1000.0,NA,1024
503,5745.236035108566,0.00018,1000.0,1000.0,NA,1024
504,5775.1981549263,0.00018,1000.0,1000.0,NA,1023
505,5805.214740037918,0.00019,1000.0,1000.0,NA,1024
506,5835.285671949387,0.00019,1000.0,1000.0,NA,1024
507,5865.234503746033,0.00019,1000.0,1000.0,NA,1024
508,5895.325572490692,0.0002,1000.0,1000.0,NA,1023
509,5925.35079574585,0.0002,1000.0,1000.0,NA,1024
510,5955.295496702194,0.0002,1000.0,1000.0,NA,1023
511,5985.338414669037,0.00021,1000.0,1000.0,NA,1024
512,6015.263894081116,0.00021,1000.0,1000.0,NA,1023
513,6045.28993678093,0.00021,1000.0,1000.0,NA,1024
514,6075.226258277893,0.00022000000000000003,1000.0,1000.0,NA,1024
515,6105.253091335297,0.00022000000000000003,1000.0,1000.0,NA,1023
516,6135.24756526947,0.00022000000000000003,1000.0,1000.0,NA,1024
517,6165.31675028801,0.00022999999999999998,1000.0,1000.0,NA,1024
518,6195.2694544792175,0.00022999999999999998,1000.0,1000.0,NA,1024
519,6225.304868936539,0.00022999999999999998,1000.0,1000.0,NA,1024
520,6255.350252389908,0.00022999999999999998,1000.0,1000.0,NA,1023
521,6285.359485626221,0.00024,1000.0,1000.0,NA,1024
522,6315.3427522182465,0.00024,1000.0,1000.0,NA,1023
523,6345.298052787781,0.00024,1000.0,1000.0,NA,1024
524,6375.313627958298,0.00024,1000.0,1000.0,NA,1023
525,6405.324816703796,0.00025,1000.0,1000.0,NA,1023
526,6435.366449832916,0.00025,1000.0,1000.0,NA,1024
527,6465.341212272644,0.00025,1000.0,1000.0,NA,1023
528,6495.368500947952,0.00025,1000.0,1000.0,NA,1024
529,6525.292541265488,0.00025,1000.0,1000.0,NA,1023
530,6555.289861440659,0.00025,1000.0,1000.0,NA,1024
531,6585.32356595993,0.00025,1000.0,1000.0,NA,1024
532,6615.358410358429,0.00026000000000000003,1000.0,1000.0,NA,1023
533,6645.375519752502,0.00025,1000.0,1000.0,NA,1023
534,6675.379118919373,0.00025,1000.0,1000.0,NA,1024
535,6705.361288547516,0.00025,1000.0,1000.0,NA,1023
536,6735.339911699295,0.00025,1000.0,1000.0,NA,1025
537,6765.383594036102,0.00025,1000.0,1000.0,NA,1024
538,6795.337783336639,0.00025,1000.0,1000.0,NA,1024
539,6825.371060371399,0.00025,1000.0,1000.0,NA,1023
540,6855.414049386978,0.00025,1000.0,1000.0,NA,1024
541,6885.325004816055,0.00024,1000.0,1000.0,NA,1024
542,6915.336555957794,0.00024,1000.0,1000.0,NA,1024
543,6945.328153133392,0.00024,1000.0,1000.0,NA,1023
544,6975.39209651947,0.00024,1000.0,1000.0,NA,1023
545,7005.417906761169,0.00024,1000.0,1000.0,NA,1022
546,7035.358069658279,0.00024,1000.0,1000.0,NA,1024
547,7065.375481128693,0.00022999999999999998,1000.0,1000.0,NA,1023
548,7095.34604883194,0.00022999999999999998,1000.0,1000.0,NA,1024
549,7125.341203451157,0.00022999999999999998,1000.0,1000.0,NA,1023
550,7155.371661901474,0.00022999999999999998,1000.0,1000.0,NA,1023
551,7185.463495969772,0.00022999999999999998,1000.0,1000.0,NA,1024
552,7215.442930221558,0.00022000000000000003,1000.0,1000.0,NA,1023
553,7245.465722322464,0.00022000000000000003,1000.0,1000.0,NA,1023
554,7275.430866718292,0.00022000000000000003,1000.0,1000.0,NA,1024
555,7305.402680873871,0.00022000000000000003,1000.0,1000.0,NA,1024
556,7335.413973093033,0.00021,1000.0,1000.0,NA,1024
557,7365.429807901382,0.00021,1000.0,1000.0,NA,1024
558,7395.421201705933,0.00021,1000.0,1000.0,NA,1024
559,7425.465394735336,0.00021,1000.0,1000.0,NA,1023
560,7455.4448227882385,0.00021,1000.0,1000.0,NA,1024
561,7485.436127662659,0.00021,1000.0,1000.0,NA,1023
562,7515.430735111237,0.0002,1000.0,1000.0,NA,1023
563,7545.503448963165,0.0002,1000.0,1000.0,NA,1023
564,7575.5337018966675,0.0002,1000.0,1000.0,NA,1024
565,7605.4797830581665,0.0002,1000.0,1000.0,NA,1023
566,7635.440618276596,0.0002,1000.0,1000.0,NA,1024
567,7665.48552107811,0.00019,1000.0,1000.0,NA,1024
568,7695.456697463989,0.00019,1000.0,1000.0,NA,1024
569,7725.517002105713,0.00019,1000.0,1000.0,NA,1024
570,7755.510653734207,0.00019,1000.0,1000.0,NA,1024
571,7785.4895632267,0.00019,1000.0,1000.0,NA,1024
572,7815.5697548389435,0.00018,1000.0,1000.0,NA,1023
573,7845.461708307266,0.00018,1000.0,1000.0,NA,1023
574,7875.509581565857,0.00018,1000.0,1000.0,NA,1023
575,7905.5024173259735,0.00018,1000.0,1000.0,NA,1023
576,7935.497271299362,0.00018,1000.0,1000.0,NA,1023
577,7965.533593893051,0.00017,1000.0,1000.0,NA,1023
578,7995.483062028885,0.00017,1000.0,1000.0,NA,1024
579,8025.450011968613,0.00017,1000.0,1000.0,NA,1023
580,8055.505355596542,0.00017,1000.0,1000.0,NA,1024
581,8085.484337806702,0.00017,1000.0,1000.0,NA,1023
582,8115.510548830032,0.00017,1000.0,1000.0,NA,1024
583,8145.467006206512,0.00016,1000.0,1000.0,NA,1024
584,8175.478225469589,0.00016,1000.0,1000.0,NA,1024
585,8205.46216917038,0.00016,1000.0,1000.0,NA,1023
586,8235.566964626312,0.00016,1000.0,1000.0,NA,1024
587,8265.572648525238,0.00016,1000.0,1000.0,NA,1024
588,8295.517159461975,0.00016,1000.0,1000.0,NA,1023
589,8325.49723124504,0.00015000000000000001,1000.0,1000.0,NA,1023
590,8355.507466316223,0.00015000000000000001,1000.0,1000.0,NA,1023
591,8385.52376627922,0.00015000000000000001,1000.0,1000.0,NA,1023
592,8415.549544334412,0.00015000000000000001,1000.0,1000.0,NA,1023
593,8445.528489589691,0.00015000000000000001,1000.0,1000.0,NA,1024
594,8475.534447431564,0.00015000000000000001,1000.0,1000.0,NA,1023
595,8505.60908126831,0.00015000000000000001,1000.0,1000.0,NA,1023
596,8535.495947360992,0.00015000000000000001,1000.0,1000.0,NA,1024
597,8565.59701037407,0.00014,1000.0,1000.0,NA,1024
598,8595.607843637466,0.00014,1000.0,1000.0,NA,1024
599,8625.58418393135,0.00014,1000.0,1000.0,NA,1024
600,8655.553333044052,0.00014,1000.0,1000.0,NA,1024
601,8685.543044805527,0.00014,1000.0,1000.0,NA,1023
602,8715.5375020504,0.00014,1000.0,1000.0,NA,1024
603,8745.520601272583,0.00014,1000.0,1000.0,NA,1024
604,8775.496566534042,0.00013000000000000002,1000.0,1000.0,NA,1024
605,8805.506370782852,0.00013000000000000002,1000.0,1000.0,NA,1024
606,8835.55223441124,0.00013000000000000002,1000.0,1000.0,NA,1024
607,8865.523989915848,0.00013000000000000002,1000.0,1000.0,NA,1023
608,8895.588922023773,0.00013000000000000002,1000.0,1000.0,NA,1024
609,8925.61212015152,0.00013000000000000002,1000.0,1000.0,NA,1024
610,8955.55785536766,0.00013000000000000002,1000.0,1000.0,NA,1024
611,8985.556720256805,0.00013000000000000002,1000.0,1000.0,NA,1024
612,9015.579847097397,0.00013000000000000002,1000.0,1000.0,NA,1023
613,9045.607109546661,0.00012,1000.0,1000.0,NA,1023
614,9075.535353183746,0.00012,1000.0,1000.0,NA,1024
615,9105.59881567955,0.00012,1000.0,1000.0,NA,1024
616,9135.558834075928,0.00012,1000.0,1000.0,NA,1024
617,9165.599004983902,0.00012,1000.0,1000.0,NA,1024
618,9195.639683008194,0.00012,1000.0,1000.0,NA,1024
619,9225.573407649994,0.00012,1000.0,1000.0,NA,1023
620,9255.6503303051,0.00012,1000.0,1000.0,NA,1023
621,9285.598591089249,0.00012,1000.0,1000.0,NA,1024
622,9315.625789880753,0.00011000000000000002,1000.0,1000.0,NA,1023
623,9345.617815256119,0.00011000000000000002,1000.0,1000.0,NA,1024
624,9375.597604751587,0.00011000000000000002,1000.0,1000.0,NA,1023
625,9405.58697605133,0.00011000000000000002,1000.0,1000.0,NA,1023
626,9435.54915857315,0.00011000000000000002,1000.0,1000.0,NA,1023
627,9465.56580901146,0.00011000000000000002,1000.0,1000.0,NA,1023
628,9495.604496002197,0.00011000000000000002,1000.0,1000.0,NA,1023
629,9525.665361404419,0.00011000000000000002,1000.0,1000.0,NA,1024
630,9555.671201467514,0.00011000000000000002,1000.0,1000.0,NA,1024
631,9585.653677940369,0.00011000000000000002,1000.0,1000.0,NA,1023
632,9615.6630153656,0.00011000000000000002,1000.0,1000.0,NA,1024
633,9645.625866651535,0.00011000000000000002,1000.0,1000.0,NA,1023
634,9675.638501167297,0.0001,1000.0,1000.0,NA,1023
635,9705.612639665604,0.0001,1000.0,1000.0,NA,1024
636,9735.662937402725,0.0001,1000.0,1000.0,NA,1024
637,9765.623608350754,0.0001,1000.0,1000.0,NA,1024
638,9795.62853550911,0.0001,1000.0,1000.0,NA,1023
639,9825.658979415894,9.900000000000001e-05,1000.0,1000.0,NA,1023
640,9855.719020605087,9.900000000000001e-05,1000.0,1000.0,NA,1024
641,9885.681691169739,9.800000000000001e-05,1000.0,1000.0,NA,1024
642,9915.69264626503,9.800000000000001e-05,1000.0,1000.0,NA,1024
643,9945.666226625443,9.7e-05,1000.0,1000.0,NA,1024
644,9975.633148431778,9.6e-05,1000.0,1000.0,NA,1023
645,10005.676007032394,9.5e-05,1000.0,1000.0,NA,1023
646,10035.647388219833,9.5e-05,1000.0,1000.0,NA,1023
647,10065.707410812378,9.400000000000001e-05,1000.0,1000.0,NA,1024
648,10095.671253681183,9.300000000000001e-05,1000.0,1000.0,NA,1024
649,10125.66095161438,9.300000000000001e-05,1000.0,1000.0,NA,1024
650,10155.769518613815,9.2e-05,1000.0,1000.0,NA,1024
651,10185.715908050537,9.2e-05,1000.0,1000.0,NA,1024
652,10215.712243795395,9.1e-05,1000.0,1000.0,NA,1024
653,10245.644958257675,9.1e-05,1000.0,1000.0,NA,1024
654,10275.717917919159,9.1e-05,1000.0,1000.0,NA,1024
655,10305.723442554474,9e-05,1000.0,1000.0,NA,1023
656,10335.669028043747,9e-05,1000.0,1000.0,NA,1023
657,10365.679777860641,9e-05,1000.0,1000.0,NA,1023
658,10395.673159122467,9e-05,1000.0,1000.0,NA,1024
659,10425.732230186462,8.900000000000001e-05,1000.0,1000.0,NA,1023
660,10455.706744909286,8.900000000000001e-05,1000.0,1000.0,NA,1024
661,10485.679607868195,8.900000000000001e-05,1000.0,1000.0,NA,1023
662,10515.778282403946,8.900000000000001e-05,1000.0,1000.0,NA,1024
663,10545.774233818054,8.900000000000001e-05,1000.0,1000.0,NA,1023
664,10575.801460504532,8.900000000000001e-05,1000.0,1000.0,NA,1024
665,10605.751543998718,8.900000000000001e-05,1000.0,1000.0,NA,1023
666,10635.713065624237,8.900000000000001e-05,1000.0,1000.0,NA,1023
667,10665.700256824493,8.800000000000001e-05,1000.0,1000.0,NA,1024
668,10695.765202522278,8.800000000000001e-05,1000.0,1000.0,NA,1024
669,10725.760980129242,8.800000000000001e-05,1000.0,1000.0,NA,1023
670,10755.75290942192,8.7e-05,1000.0,1000.0,NA,1023
671,10785.748198747635,8.7e-05,1000.0,1000.0,NA,1024
672,10815.85489487648,8.7e-05,1000.0,1000.0,NA,1023
